{"cameraMode":{"drawMode":0,"name":"Shaded","section":"Shading Mode"},"sceneLighting":true,"audioPlay":false,"sceneViewState":{"m_AlwaysRefresh":false,"showFog":true,"showSkybox":true,"showFlares":true,"showImageEffects":true,"showParticleSystems":true,"showVisualEffectGraphs":true,"m_FxEnabled":true},"in2DMode":false,"pivot":{"x":-5.9980316162109379,"y":0.042397499084472659,"z":-128.3251495361328},"rotation":{"x":0.4933989346027374,"y":0.003674670122563839,"z":-0.0020783960353583099,"w":0.8698105812072754},"size":7.080033302307129,"orthographic":false}